Ticker,Score,Magnitude
NKE,0.8999999761581421,0.8999999761581421
CMG,0.800000011920929,0.800000011920929
MA,0.699999988079071,0.699999988079071
GOOG,0.5999999940395355,0.5999999940395355
GOOGL,0.5999999940395355,0.5999999940395355
AAPL,0.5,0.5
ANSS,0.4000000059604645,0.4000000059604645
GIS,0.30000001192092896,0.6000000238418579
FB,0.25,0.550000011920929
XOM,0.20000000298023224,0.20000000298023224
LUV,0.20000000298023224,0.20000000298023224
DIS,0.13333334028720856,0.2666666756073634
JNJ,0.10000000149011612,0.10000000149011612
LLY,0.10000000149011612,0.10000000149011612
INTC,0.10000000149011612,0.10000000149011612
INTU,0.10000000149011612,0.20000000298023224
C,0.10000000149011612,0.10000000149011612
MRNA,0.10000000149011612,0.10000000149011612
DUK,0.10000000149011612,0.10000000149011612
BAX,0.10000000149011612,0.10000000149011612
AJG,0.10000000149011612,0.10000000149011612
DVN,0.10000000149011612,0.10000000149011612
VTRS,0.10000000149011612,0.10000000149011612
AAL,0.10000000149011612,0.10000000149011612
IVZ,0.10000000149011612,0.10000000149011612
AMZN,0.03333333217435413,0.2777777769499355
DAL,0.02500000037252903,0.07500000111758709
NVDA,0,0
BRK-B,0,0
V,0,0
UNH,0,0
JPM,0,0
HD,0,0
PG,0,0
WMT,0.0,0.0
BAC,0,0
PFE,0.0,0.0
AVGO,0,0
ADBE,0,0
NFLX,0,0
ACN,0,0
CSCO,0,0
TMO,0,0
CRM,0,0
ABT,0,0
ORCL,0,0
PEP,0,0
DHR,0,0
CMCSA,0,0
PYPL,0.0,0.0
QCOM,0,0
MCD,0,0
WFC,0,0
MRK,0.0,0.0
UPS,0,0
NEE,0,0
LIN,0,0
TXN,0,0
LOW,0,0
SCHW,0,0
UNP,0,0
PM,0,0
HON,0.0,0.0
BLK,0,0
MDT,0,0
AMAT,0,0
BMY,0,0
CVS,0,0
EL,0,0
ISRG,0,0
NOW,0,0
AXP,0,0
RTX,0,0
AMT,0,0
AMGN,0,0
BA,0,0
PLD,0,0
IBM,0,0
CHTR,0,0
ZTS,0,0
SPGI,0,0
CAT,0,0
ANTM,0,0
DE,0,0
TGT,0,0
MU,0.0,0.0
GE,0,0
ADP,0,0
MMM,0,0
SYK,0,0
BKNG,0,0
LRCX,0,0
LMT,0,0
COP,0,0
GILD,0,0
MDLZ,0,0
SHW,0,0
TJX,0,0
CCI,0,0
MMC,0,0
MO,0,0
USB,0,0
CSX,0,0
GM,0.0,0.0
CME,0,0
CB,0,0
EW,0,0
F,0.0,0.0
HCA,0,0
TFC,0,0
ICE,0,0
ITW,0,0
CI,0,0
MCO,0,0
EQIX,0,0
NSC,0,0
BDX,0,0
SO,0,0
CL,0,0
FISV,0,0
WM,0,0
FDX,0,0
ETN,0,0
FIS,0.0,0.0
APD,0,0
REGN,0,0
ECL,0,0
AON,0,0
KLAC,0,0
ADI,0,0
PSA,0,0
D,0,0
ADSK,0,0
COF,0,0
BSX,0.0,0.0
NXPI,0,0
NOC,0,0
FCX,0.0,0.0
ILMN,0,0
PGR,0,0
HUM,0,0
GD,0,0
FTNT,0,0
VRTX,0,0
SNPS,0,0
DXCM,0,0
JCI,0,0
IDXX,0,0
EMR,0,0
MAR,0,0
XLNX,0,0
EXC,0,0
IQV,0,0
MET,0,0
CDNS,0,0
TEL,0,0
ALGN,0,0
DG,0,0
SPG,0,0
EOG,0,0
APH,0,0
ATVI,0,0
ROP,0,0
MSCI,0,0
MNST,0,0
CNC,0,0
PAYX,0,0
MCHP,0,0
DLR,0,0
BK,0,0
A,0,0
NEM,0.0,0.0
AIG,0,0
TT,0,0
KMB,0,0
ORLY,0,0
CARR,0,0
STZ,0.0,0.0
CTSH,0,0
CTAS,0,0
MSI,0,0
PXD,0,0
APTV,0,0
TROW,0,0
WBA,0.0,0.0
AEP,0,0
KHC,0,0
HLT,0,0
RSG,0,0
EBAY,0,0
AZO,0,0
SLB,0,0
SRE,0,0
DD,0,0
SBAC,0,0
PRU,0,0
LHX,0,0
DOW,0,0
HPQ,0,0
PH,0,0
ODFL,0,0
YUM,0,0
PPG,0,0
SIVB,0,0
ROK,0,0
SYY,0,0
GPN,0,0
HSY,0,0
ROST,0,0
MPC,0,0
AFL,0,0
TRV,0,0
MTCH,0,0
RMD,0,0
EPAM,0,0
EA,0,0
MTD,0,0
DHI,0,0
KEYS,0,0
MCK,0,0
ADM,0,0
IFF,0,0
VRSK,0,0
OTIS,0,0
WELL,0,0
FAST,0,0
XEL,0.0,0.0
KMI,0,0
CBRE,0,0
FRC,0,0
EFX,0,0
TDG,0,0
CPRT,0,0
BIIB,0,0
NDAQ,0,0
AVB,0,0
WST,0,0
LEN,0,0
AMP,0,0
DFS,0,0
ARE,0,0
BF-B,0,0
EQR,0,0
AWK,0,0
AME,0,0
ALL,0,0
NUE,0,0
PEG,0,0
STT,0,0
KR,0,0
PSX,0,0
WMB,0,0
GLW,0,0
ZBRA,0,0
TSN,0,0
DLTR,0,0
ES,0,0
CMI,0,0
LYB,0,0
WEC,0,0
SWK,0,0
ED,0,0
PCAR,0,0
LVS,0,0
WLTW,0,0
FITB,0,0
VLO,0,0
EXR,0,0
BLL,0,0
WY,0,0
ETSY,0,0
LH,0,0
O,0,0
VRSN,0,0
CDW,0,0
VMC,0,0
VFC,0,0
MLM,0,0
CERN,0,0
ABC,0,0
OXY,0,0
EXPE,0,0
IT,0,0
FTV,0,0
ALB,0,0
LYV,0,0
ZBH,0,0
TER,0,0
TSCO,0,0
HRL,0.0,0.0
GWW,0,0
OKE,0,0
GRMN,0,0
EIX,0,0
MAA,0,0
PAYC,0,0
ENPH,0,0
SWKS,0,0
SYF,0,0
BKR,0,0
DOV,0,0
MKC,0,0
STX,0,0
NTRS,0,0
PKI,0,0
IR,0,0
CHD,0,0
STE,0,0
URI,0,0
DRE,0,0
BBY,0,0
CCL,0.0,0.0
HIG,0,0
MPWR,0,0
HES,0,0
PPL,0,0
DTE,0,0
AEE,0,0
ESS,0,0
BIO,0,0
GNRC,0,0
EXPD,0,0
ETR,0,0
WAT,0,0
HBAN,0,0
FE,0,0
POOL,0,0
COO,0,0
TRMB,0,0
MGM,0,0
K,0,0
TYL,0,0
CTLT,0,0
ULTA,0,0
XYL,0,0
KEY,0,0
BR,0,0
CLX,0,0
JBHT,0,0
FOX,0,0
FOXA,0,0
TTWO,0,0
RF,0,0
DGX,0,0
RJF,0,0
KMX,0,0
HPE,0,0
RCL,0,0
CZR,0,0
HAL,0,0
NVR,0,0
NTAP,0,0
TDY,0,0
VIAC,0,0
CFG,0,0
DPZ,0,0
VTR,0,0
TECH,0,0
MTB,0,0
DRI,0,0
GPC,0,0
BRO,0,0
FANG,0,0
HOLX,0,0
WDC,0,0
PFG,0,0
PEAK,0,0
AKAM,0,0
CRL,0,0
CMS,0,0
FLT,0,0
UDR,0,0
CINF,0,0
BBWI,0,0
AMCR,0,0
BXP,0,0
J,0,0
IP,0,0
CE,0,0
CNP,0.0,0.0
DISH,0,0
AVY,0,0
LKQ,0,0
BEN,0,0
WAB,0,0
QRVO,0,0
TXT,0,0
MAS,0,0
INCY,0,0
ROL,0,0
ABMD,0,0
CAG,0,0
PWR,0,0
EMN,0,0
CTRA,0,0
CDAY,0,0
AES,0,0
MKTX,0,0
CF,0,0
OMC,0,0
TFX,0,0
EVRG,0,0
NLOK,0,0
LNT,0,0
IRM,0,0
MOS,0,0
KIM,0,0
UAL,0,0
IPG,0,0
AAP,0,0
L,0,0
SJM,0,0
FFIV,0,0
CAH,0,0
WHR,0,0
PTC,0,0
WRB,0,0
FBHS,0,0
PHM,0,0
FMC,0,0
CBOE,0,0
ATO,0,0
HAS,0,0
AOS,0,0
CHRW,0,0
HWM,0,0
NWS,0,0
NWSA,0,0
LUMN,0,0
CPB,0.0,0.0
REG,0,0
PKG,0,0
MRO,0,0
HST,0,0
LNC,0.0,0.0
LDOS,0,0
JKHY,0,0
CTXS,0,0
RHI,0,0
XRAY,0,0
DISCA,0,0
DISCK,0,0
PNR,0,0
MHK,0,0
ALLE,0,0
WRK,0,0
DVA,0,0
TPR,0,0
SNA,0,0
CMA,0,0
JNPR,0,0
ANET,0,0
UHS,0,0
RE,0,0
NI,0,0
BWA,0,0
HSIC,0,0
NRG,0,0
FRT,0,0
WYNN,0,0
ZION,0,0
SEE,0,0
APA,0,0
GL,0,0
TAP,0,0
NWL,0,0
LW,0,0
IPGP,0,0
UA,0,0
UAA,0,0
PENN,0,0
AIZ,0,0
DXC,0,0
RL,0,0
VNO,0,0
PNW,0,0
OGN,0,0
NLSN,0,0
PBCT,0,0
HII,0,0
WU,0,0
PVH,0,0
ALK,0,0
GPS,0,0
HBI,0,0
LEG,0,0
NCLH,0,0
TSLA,-0.05000000074505806,0.1687500043772161
ABBV,-0.10000000149011612,0.10000000149011612
AMD,-0.13333333532015482,0.13333333532015482
VZ,-0.19999999872275762,0.22857142771993363
KO,-0.20000000298023224,0.20000000298023224
COST,-0.20000000298023224,0.20000000298023224
TMUS,-0.20000000298023224,0.20000000298023224
SBUX,-0.20000000298023224,0.20000000298023224
IEX,-0.20000000298023224,0.20000000298023224
T,-0.2999999985098839,0.2999999985098839
TWTR,-0.29999999950329465,0.36666666716337204
MSFT,-0.30000001192092896,0.30000001192092896
INFO,-0.30000001192092896,0.30000001192092896
GS,-0.3500000089406967,0.3500000089406967
CVX,-0.4000000059604645,0.4000000059604645
MS,-0.45000000298023224,0.45000000298023224
PNC,-0.5,0.5
CTVA,-0.6000000238418579,0.6000000238418579
